{
  "quarkus-vertx-resteasy-jvm" : {
    "transaction" : "quarkus-vertx-resteasy-jvm",
    "sampleCount" : 50481,
    "errorCount" : 0,
    "errorPct" : 0.0,
    "meanResTime" : 3.4193657019472656,
    "minResTime" : 0.0,
    "maxResTime" : 1038.0,
    "pct1ResTime" : 4.0,
    "pct2ResTime" : 4.0,
    "pct3ResTime" : 8.0,
    "throughput" : 280.4577904941804,
    "receivedKBytesPerSec" : 24.923495053682046,
    "sentKBytesPerSec" : 37.796069422067276
  },
  "php-8.0-apache2" : {
    "transaction" : "php-8.0-apache2",
    "sampleCount" : 65450,
    "errorCount" : 0,
    "errorPct" : 0.0,
    "meanResTime" : 2.605729564553073,
    "minResTime" : 0.0,
    "maxResTime" : 1036.0,
    "pct1ResTime" : 3.0,
    "pct2ResTime" : 3.0,
    "pct3ResTime" : 5.990000000001601,
    "throughput" : 363.6313128507139,
    "receivedKBytesPerSec" : 76.70348005444747,
    "sentKBytesPerSec" : 52.20097948149897
  },
  "quarkus-vertx-resteasy-native" : {
    "transaction" : "quarkus-vertx-resteasy-native",
    "sampleCount" : 43607,
    "errorCount" : 0,
    "errorPct" : 0.0,
    "meanResTime" : 3.9822505561034194,
    "minResTime" : 0.0,
    "maxResTime" : 1035.0,
    "pct1ResTime" : 4.0,
    "pct2ResTime" : 5.0,
    "pct3ResTime" : 11.0,
    "throughput" : 242.2678407733548,
    "receivedKBytesPerSec" : 21.529661631225867,
    "sentKBytesPerSec" : 32.64937697922164
  },
  "vertx-rxjava2" : {
    "transaction" : "vertx-rxjava2",
    "sampleCount" : 59835,
    "errorCount" : 0,
    "errorPct" : 0.0,
    "meanResTime" : 2.8617865797609814,
    "minResTime" : 0.0,
    "maxResTime" : 1033.0,
    "pct1ResTime" : 3.0,
    "pct2ResTime" : 4.0,
    "pct3ResTime" : 7.0,
    "throughput" : 332.42220703678396,
    "receivedKBytesPerSec" : 29.866057663461056,
    "sentKBytesPerSec" : 44.79908649519158
  },
  "vertx-resteasy-rxjava2" : {
    "transaction" : "vertx-resteasy-rxjava2",
    "sampleCount" : 55014,
    "errorCount" : 0,
    "errorPct" : 0.0,
    "meanResTime" : 3.127549351074251,
    "minResTime" : 0.0,
    "maxResTime" : 1044.0,
    "pct1ResTime" : 3.0,
    "pct2ResTime" : 4.0,
    "pct3ResTime" : 7.0,
    "throughput" : 305.64861576412153,
    "receivedKBytesPerSec" : 32.53486242020434,
    "sentKBytesPerSec" : 41.19092673383669
  },
  "Total" : {
    "transaction" : "Total",
    "sampleCount" : 604810,
    "errorCount" : 0,
    "errorPct" : 0.0,
    "meanResTime" : 3.1287892065275575,
    "minResTime" : 0.0,
    "maxResTime" : 1065.0,
    "pct1ResTime" : 3.0,
    "pct2ResTime" : 4.0,
    "pct3ResTime" : 7.0,
    "throughput" : 3359.346360212844,
    "receivedKBytesPerSec" : 497.5574980611732,
    "sentKBytesPerSec" : 461.44903480445794
  },
  "webmvc" : {
    "transaction" : "webmvc",
    "sampleCount" : 45592,
    "errorCount" : 0,
    "errorPct" : 0.0,
    "meanResTime" : 3.801280926478311,
    "minResTime" : 0.0,
    "maxResTime" : 1065.0,
    "pct1ResTime" : 4.0,
    "pct2ResTime" : 5.0,
    "pct3ResTime" : 8.0,
    "throughput" : 253.29029605720032,
    "receivedKBytesPerSec" : 43.03956202534459,
    "sentKBytesPerSec" : 34.13482505458364
  },
  "go" : {
    "transaction" : "go",
    "sampleCount" : 71371,
    "errorCount" : 0,
    "errorPct" : 0.0,
    "meanResTime" : 2.375698813243478,
    "minResTime" : 0.0,
    "maxResTime" : 1042.0,
    "pct1ResTime" : 3.0,
    "pct2ResTime" : 3.0,
    "pct3ResTime" : 6.0,
    "throughput" : 396.50555555555553,
    "receivedKBytesPerSec" : 49.95040690104167,
    "sentKBytesPerSec" : 53.43531901041667
  },
  "webflux" : {
    "transaction" : "webflux",
    "sampleCount" : 45854,
    "errorCount" : 0,
    "errorPct" : 0.0,
    "meanResTime" : 3.7855585117983193,
    "minResTime" : 0.0,
    "maxResTime" : 1038.0,
    "pct1ResTime" : 4.0,
    "pct2ResTime" : 5.0,
    "pct3ResTime" : 8.0,
    "throughput" : 254.74444444444444,
    "receivedKBytesPerSec" : 22.638422309027778,
    "sentKBytesPerSec" : 34.33079427083333
  },
  "php-5.6-apache2" : {
    "transaction" : "php-5.6-apache2",
    "sampleCount" : 59477,
    "errorCount" : 0,
    "errorPct" : 0.0,
    "meanResTime" : 2.881903929249975,
    "minResTime" : 0.0,
    "maxResTime" : 1052.0,
    "pct1ResTime" : 3.0,
    "pct2ResTime" : 4.0,
    "pct3ResTime" : 6.0,
    "throughput" : 330.45898779329156,
    "receivedKBytesPerSec" : 69.70619273764744,
    "sentKBytesPerSec" : 47.438936724232285
  },
  "php-5.6-nginx" : {
    "transaction" : "php-5.6-nginx",
    "sampleCount" : 53791,
    "errorCount" : 0,
    "errorPct" : 0.0,
    "meanResTime" : 3.1994943392017308,
    "minResTime" : 0.0,
    "maxResTime" : 1046.0,
    "pct1ResTime" : 3.0,
    "pct2ResTime" : 4.0,
    "pct3ResTime" : 7.0,
    "throughput" : 298.8671152275493,
    "receivedKBytesPerSec" : 56.037584105165486,
    "sentKBytesPerSec" : 42.90377533051733
  },
  "nodejs" : {
    "transaction" : "nodejs",
    "sampleCount" : 54338,
    "errorCount" : 0,
    "errorPct" : 0.0,
    "meanResTime" : 3.1701387610880194,
    "minResTime" : 0.0,
    "maxResTime" : 1047.0,
    "pct1ResTime" : 3.0,
    "pct2ResTime" : 4.0,
    "pct3ResTime" : 6.0,
    "throughput" : 301.91635597881947,
    "receivedKBytesPerSec" : 70.76164593253583,
    "sentKBytesPerSec" : 40.687946411208095
  }
}