{
  "quarkus-vertx-resteasy-jvm" : {
    "transaction" : "quarkus-vertx-resteasy-jvm",
    "sampleCount" : 138646,
    "errorCount" : 0,
    "errorPct" : 0.0,
    "meanResTime" : 121.88842087041814,
    "minResTime" : 0.0,
    "maxResTime" : 1400.0,
    "pct1ResTime" : 257.0,
    "pct2ResTime" : 393.0,
    "pct3ResTime" : 572.9900000000016,
    "throughput" : 769.9304737999512,
    "receivedKBytesPerSec" : 68.42155577714409,
    "sentKBytesPerSec" : 103.76016150819655
  },
  "php-8.0-apache2" : {
    "transaction" : "php-8.0-apache2",
    "sampleCount" : 182776,
    "errorCount" : 0,
    "errorPct" : 0.0,
    "meanResTime" : 92.31754169037579,
    "minResTime" : 0.0,
    "maxResTime" : 1537.0,
    "pct1ResTime" : 244.0,
    "pct2ResTime" : 370.0,
    "pct3ResTime" : 532.0,
    "throughput" : 1015.2755713063668,
    "receivedKBytesPerSec" : 214.15969082243674,
    "sentKBytesPerSec" : 145.74756736526945
  },
  "vertx-rxjava2" : {
    "transaction" : "vertx-rxjava2",
    "sampleCount" : 188567,
    "errorCount" : 0,
    "errorPct" : 0.0,
    "meanResTime" : 89.6280102032703,
    "minResTime" : 0.0,
    "maxResTime" : 1438.0,
    "pct1ResTime" : 180.0,
    "pct2ResTime" : 294.9500000000007,
    "pct3ResTime" : 496.0,
    "throughput" : 1047.088351741103,
    "receivedKBytesPerSec" : 94.07434410173973,
    "sentKBytesPerSec" : 141.11151615260957
  },
  "vertx-resteasy-rxjava2" : {
    "transaction" : "vertx-resteasy-rxjava2",
    "sampleCount" : 166620,
    "errorCount" : 0,
    "errorPct" : 0.0,
    "meanResTime" : 101.61464410034776,
    "minResTime" : 0.0,
    "maxResTime" : 1492.0,
    "pct1ResTime" : 212.90000000000146,
    "pct2ResTime" : 335.0,
    "pct3ResTime" : 567.0,
    "throughput" : 925.2400282092146,
    "receivedKBytesPerSec" : 98.48746394023867,
    "sentKBytesPerSec" : 124.69055067663244
  },
  "Total" : {
    "transaction" : "Total",
    "sampleCount" : 1292960,
    "errorCount" : 0,
    "errorPct" : 0.0,
    "meanResTime" : 104.42197593119273,
    "minResTime" : 0.0,
    "maxResTime" : 1540.0,
    "pct1ResTime" : 257.0,
    "pct2ResTime" : 374.0,
    "pct3ResTime" : 561.9900000000016,
    "throughput" : 7159.246954595792,
    "receivedKBytesPerSec" : 1028.0930643514673,
    "sentKBytesPerSec" : 982.3655685475499
  },
  "go" : {
    "transaction" : "go",
    "sampleCount" : 189537,
    "errorCount" : 0,
    "errorPct" : 0.0,
    "meanResTime" : 88.99802677049676,
    "minResTime" : 0.0,
    "maxResTime" : 1540.0,
    "pct1ResTime" : 189.0,
    "pct2ResTime" : 307.0,
    "pct3ResTime" : 552.9400000000096,
    "throughput" : 1052.2409189072155,
    "receivedKBytesPerSec" : 132.55769388577227,
    "sentKBytesPerSec" : 141.8059050871052
  },
  "webflux" : {
    "transaction" : "webflux",
    "sampleCount" : 134873,
    "errorCount" : 0,
    "errorPct" : 0.0,
    "meanResTime" : 125.20727647490476,
    "minResTime" : 0.0,
    "maxResTime" : 1414.0,
    "pct1ResTime" : 258.0,
    "pct2ResTime" : 375.9500000000007,
    "pct3ResTime" : 609.0,
    "throughput" : 748.1680359015038,
    "receivedKBytesPerSec" : 66.48758912796568,
    "sentKBytesPerSec" : 100.82733296328861
  },
  "php-5.6-apache2" : {
    "transaction" : "php-5.6-apache2",
    "sampleCount" : 177747,
    "errorCount" : 0,
    "errorPct" : 0.0,
    "meanResTime" : 94.76961636483244,
    "minResTime" : 0.0,
    "maxResTime" : 1435.0,
    "pct1ResTime" : 205.0,
    "pct2ResTime" : 310.0,
    "pct3ResTime" : 559.9900000000016,
    "throughput" : 987.2584577957243,
    "receivedKBytesPerSec" : 208.2498309412856,
    "sentKBytesPerSec" : 141.72557939059715
  },
  "nodejs" : {
    "transaction" : "nodejs",
    "sampleCount" : 114194,
    "errorCount" : 0,
    "errorPct" : 0.0,
    "meanResTime" : 147.19015885248194,
    "minResTime" : 1.0,
    "maxResTime" : 1311.0,
    "pct1ResTime" : 282.0,
    "pct2ResTime" : 389.0,
    "pct3ResTime" : 656.0,
    "throughput" : 634.2772081449472,
    "receivedKBytesPerSec" : 148.658720658972,
    "sentKBytesPerSec" : 85.47876437890889
  }
}