{
  "php-8.0-apache2" : {
    "transaction" : "php-8.0-apache2",
    "sampleCount" : 229291,
    "errorCount" : 0,
    "errorPct" : 0.0,
    "meanResTime" : 109.28193867182067,
    "minResTime" : 0.0,
    "maxResTime" : 3198.0,
    "pct1ResTime" : 244.0,
    "pct2ResTime" : 360.0,
    "pct3ResTime" : 726.0,
    "throughput" : 1273.7185932439713,
    "receivedKBytesPerSec" : 268.6750157624002,
    "sentKBytesPerSec" : 182.84827461607793
  },
  "vertx-rxjava2" : {
    "transaction" : "vertx-rxjava2",
    "sampleCount" : 236370,
    "errorCount" : 0,
    "errorPct" : 0.0,
    "meanResTime" : 105.59928078859545,
    "minResTime" : 0.0,
    "maxResTime" : 3604.0,
    "pct1ResTime" : 286.0,
    "pct2ResTime" : 417.0,
    "pct3ResTime" : 587.0,
    "throughput" : 1312.284519850545,
    "receivedKBytesPerSec" : 117.90056233032239,
    "sentKBytesPerSec" : 176.8508434954836
  },
  "vertx-resteasy-rxjava2" : {
    "transaction" : "vertx-resteasy-rxjava2",
    "sampleCount" : 223744,
    "errorCount" : 0,
    "errorPct" : 0.0,
    "meanResTime" : 111.61954287042391,
    "minResTime" : 0.0,
    "maxResTime" : 3175.0,
    "pct1ResTime" : 236.0,
    "pct2ResTime" : 400.0,
    "pct3ResTime" : 660.0,
    "throughput" : 1240.9952632921784,
    "receivedKBytesPerSec" : 132.0981286121557,
    "sentKBytesPerSec" : 167.24350227960997
  },
  "Total" : {
    "transaction" : "Total",
    "sampleCount" : 1349175,
    "errorCount" : 0,
    "errorPct" : 0.0,
    "meanResTime" : 111.05164267052452,
    "minResTime" : 0.0,
    "maxResTime" : 3604.0,
    "pct1ResTime" : 255.90000000000146,
    "pct2ResTime" : 393.9500000000007,
    "pct3ResTime" : 694.0,
    "throughput" : 7460.600530856006,
    "receivedKBytesPerSec" : 1044.2902738608714,
    "sentKBytesPerSec" : 1027.764848026916
  },
  "go" : {
    "transaction" : "go",
    "sampleCount" : 234356,
    "errorCount" : 0,
    "errorPct" : 0.0,
    "meanResTime" : 106.51158067213966,
    "minResTime" : 0.0,
    "maxResTime" : 3390.0,
    "pct1ResTime" : 289.0,
    "pct2ResTime" : 406.0,
    "pct3ResTime" : 616.9900000000016,
    "throughput" : 1300.9875816739482,
    "receivedKBytesPerSec" : 163.893943394472,
    "sentKBytesPerSec" : 175.32840456152817
  },
  "webflux" : {
    "transaction" : "webflux",
    "sampleCount" : 195204,
    "errorCount" : 0,
    "errorPct" : 0.0,
    "meanResTime" : 127.02304768344932,
    "minResTime" : 0.0,
    "maxResTime" : 3140.0,
    "pct1ResTime" : 249.0,
    "pct2ResTime" : 358.0,
    "pct3ResTime" : 621.0,
    "throughput" : 1083.3832833832835,
    "receivedKBytesPerSec" : 96.27722537878788,
    "sentKBytesPerSec" : 146.0028252997003
  },
  "php-5.6-apache2" : {
    "transaction" : "php-5.6-apache2",
    "sampleCount" : 230210,
    "errorCount" : 0,
    "errorPct" : 0.0,
    "meanResTime" : 108.93964206593786,
    "minResTime" : 1.0,
    "maxResTime" : 3095.0,
    "pct1ResTime" : 249.0,
    "pct2ResTime" : 395.9500000000007,
    "pct3ResTime" : 700.9900000000016,
    "throughput" : 1276.0308406915321,
    "receivedKBytesPerSec" : 269.16275545837004,
    "sentKBytesPerSec" : 183.18020857583517
  }
}