{
  "vertx-rxjava2" : {
    "transaction" : "vertx-rxjava2",
    "sampleCount" : 1238722,
    "errorCount" : 0,
    "errorPct" : 0.0,
    "meanResTime" : 123.91259862987731,
    "minResTime" : 0.0,
    "maxResTime" : 8118.0,
    "pct1ResTime" : 1022.0,
    "pct2ResTime" : 1048.0,
    "pct3ResTime" : 1258.9900000000016,
    "throughput" : 6840.02672571356,
    "receivedKBytesPerSec" : 614.5336511383277,
    "sentKBytesPerSec" : 921.8004767074915
  },
  "Total" : {
    "transaction" : "Total",
    "sampleCount" : 1238722,
    "errorCount" : 0,
    "errorPct" : 0.0,
    "meanResTime" : 123.91259862987731,
    "minResTime" : 0.0,
    "maxResTime" : 8118.0,
    "pct1ResTime" : 1022.0,
    "pct2ResTime" : 1048.0,
    "pct3ResTime" : 1258.9900000000016,
    "throughput" : 6840.02672571356,
    "receivedKBytesPerSec" : 614.5336511383277,
    "sentKBytesPerSec" : 921.8004767074915
  }
}