{
  "quarkus-vertx-resteasy-jvm" : {
    "transaction" : "quarkus-vertx-resteasy-jvm",
    "sampleCount" : 886,
    "errorCount" : 0,
    "errorPct" : 0.0,
    "meanResTime" : 202.8408577878102,
    "minResTime" : 200.0,
    "maxResTime" : 210.0,
    "pct1ResTime" : 204.0,
    "pct2ResTime" : 204.0,
    "pct3ResTime" : 205.0,
    "throughput" : 4.920035539760107,
    "receivedKBytesPerSec" : 0.43722972081852507,
    "sentKBytesPerSec" : 0.672661108951577
  },
  "php-8.0-apache2" : {
    "transaction" : "php-8.0-apache2",
    "sampleCount" : 887,
    "errorCount" : 0,
    "errorPct" : 0.0,
    "meanResTime" : 202.5648252536642,
    "minResTime" : 201.0,
    "maxResTime" : 207.0,
    "pct1ResTime" : 203.0,
    "pct2ResTime" : 204.0,
    "pct3ResTime" : 205.0,
    "throughput" : 4.926381969553071,
    "receivedKBytesPerSec" : 1.039158696702601,
    "sentKBytesPerSec" : 0.716827063929109
  },
  "vertx-rxjava2" : {
    "transaction" : "vertx-rxjava2",
    "sampleCount" : 889,
    "errorCount" : 0,
    "errorPct" : 0.0,
    "meanResTime" : 202.2767154105738,
    "minResTime" : 200.0,
    "maxResTime" : 210.0,
    "pct1ResTime" : 203.0,
    "pct2ResTime" : 203.0,
    "pct3ResTime" : 204.0,
    "throughput" : 4.934502664298401,
    "receivedKBytesPerSec" : 0.44333422374555953,
    "sentKBytesPerSec" : 0.6746390361345471
  },
  "vertx-resteasy-rxjava2" : {
    "transaction" : "vertx-resteasy-rxjava2",
    "sampleCount" : 888,
    "errorCount" : 0,
    "errorPct" : 0.0,
    "meanResTime" : 202.36148648648626,
    "minResTime" : 201.0,
    "maxResTime" : 210.0,
    "pct1ResTime" : 203.0,
    "pct2ResTime" : 203.0,
    "pct3ResTime" : 204.0,
    "throughput" : 4.931908559749406,
    "receivedKBytesPerSec" : 0.5249785478639505,
    "sentKBytesPerSec" : 0.6742843734032391
  },
  "Total" : {
    "transaction" : "Total",
    "sampleCount" : 7984,
    "errorCount" : 0,
    "errorPct" : 0.0,
    "meanResTime" : 202.61948897795568,
    "minResTime" : 200.0,
    "maxResTime" : 214.0,
    "pct1ResTime" : 204.0,
    "pct2ResTime" : 204.0,
    "pct3ResTime" : 205.0,
    "throughput" : 44.315917429410355,
    "receivedKBytesPerSec" : 6.614764883909392,
    "sentKBytesPerSec" : 6.188534794919544
  },
  "go" : {
    "transaction" : "go",
    "sampleCount" : 889,
    "errorCount" : 0,
    "errorPct" : 0.0,
    "meanResTime" : 202.2452193475818,
    "minResTime" : 200.0,
    "maxResTime" : 210.0,
    "pct1ResTime" : 203.0,
    "pct2ResTime" : 203.0,
    "pct3ResTime" : 204.0,
    "throughput" : 4.934475274893012,
    "receivedKBytesPerSec" : 0.6216282328722642,
    "sentKBytesPerSec" : 0.674635291489279
  },
  "webflux" : {
    "transaction" : "webflux",
    "sampleCount" : 887,
    "errorCount" : 0,
    "errorPct" : 0.0,
    "meanResTime" : 202.64148816234484,
    "minResTime" : 201.0,
    "maxResTime" : 207.0,
    "pct1ResTime" : 203.0,
    "pct2ResTime" : 204.0,
    "pct3ResTime" : 205.0,
    "throughput" : 4.925588627276766,
    "receivedKBytesPerSec" : 0.4377232080880719,
    "sentKBytesPerSec" : 0.6734203201354952
  },
  "php-5.6-nginx" : {
    "transaction" : "php-5.6-nginx",
    "sampleCount" : 886,
    "errorCount" : 0,
    "errorPct" : 0.0,
    "meanResTime" : 202.88148984198668,
    "minResTime" : 201.0,
    "maxResTime" : 214.0,
    "pct1ResTime" : 204.0,
    "pct2ResTime" : 204.0,
    "pct3ResTime" : 205.0,
    "throughput" : 4.919516488153738,
    "receivedKBytesPerSec" : 0.9224093415288259,
    "sentKBytesPerSec" : 0.7158280827489326
  },
  "php-5.6-apache2" : {
    "transaction" : "php-5.6-apache2",
    "sampleCount" : 886,
    "errorCount" : 0,
    "errorPct" : 0.0,
    "meanResTime" : 202.84311512415348,
    "minResTime" : 201.0,
    "maxResTime" : 206.0,
    "pct1ResTime" : 204.0,
    "pct2ResTime" : 204.0,
    "pct3ResTime" : 205.0,
    "throughput" : 4.92009018314286,
    "receivedKBytesPerSec" : 1.037831523006697,
    "sentKBytesPerSec" : 0.715911559851842
  },
  "nodejs" : {
    "transaction" : "nodejs",
    "sampleCount" : 886,
    "errorCount" : 0,
    "errorPct" : 0.0,
    "meanResTime" : 202.92325056433418,
    "minResTime" : 200.0,
    "maxResTime" : 206.0,
    "pct1ResTime" : 204.0,
    "pct2ResTime" : 204.0,
    "pct3ResTime" : 205.0,
    "throughput" : 4.919543803928972,
    "receivedKBytesPerSec" : 1.1530180790458526,
    "sentKBytesPerSec" : 0.6725938794434141
  }
}