{
  "quarkus-vertx-resteasy-jvm" : {
    "transaction" : "quarkus-vertx-resteasy-jvm",
    "sampleCount" : 41043,
    "errorCount" : 0,
    "errorPct" : 0.0,
    "meanResTime" : 212.88658236483712,
    "minResTime" : 200.0,
    "maxResTime" : 376.0,
    "pct1ResTime" : 236.0,
    "pct2ResTime" : 250.0,
    "pct3ResTime" : 280.0,
    "throughput" : 227.7711799504978,
    "receivedKBytesPerSec" : 20.241384155757128,
    "sentKBytesPerSec" : 31.140591008857122
  },
  "php-8.0-apache2" : {
    "transaction" : "php-8.0-apache2",
    "sampleCount" : 41607,
    "errorCount" : 0,
    "errorPct" : 0.0,
    "meanResTime" : 210.06602254428273,
    "minResTime" : 200.0,
    "maxResTime" : 379.0,
    "pct1ResTime" : 229.0,
    "pct2ResTime" : 242.0,
    "pct3ResTime" : 274.0,
    "throughput" : 230.93702474384733,
    "receivedKBytesPerSec" : 48.7132786569053,
    "sentKBytesPerSec" : 33.6031412957356
  },
  "vertx-rxjava2" : {
    "transaction" : "vertx-rxjava2",
    "sampleCount" : 41265,
    "errorCount" : 0,
    "errorPct" : 0.0,
    "meanResTime" : 211.78802859566278,
    "minResTime" : 200.0,
    "maxResTime" : 373.0,
    "pct1ResTime" : 233.0,
    "pct2ResTime" : 246.0,
    "pct3ResTime" : 281.0,
    "throughput" : 229.0387753516202,
    "receivedKBytesPerSec" : 20.577702472997125,
    "sentKBytesPerSec" : 31.31389506760432
  },
  "vertx-resteasy-rxjava2" : {
    "transaction" : "vertx-resteasy-rxjava2",
    "sampleCount" : 41228,
    "errorCount" : 0,
    "errorPct" : 0.0,
    "meanResTime" : 211.86482487629866,
    "minResTime" : 200.0,
    "maxResTime" : 407.0,
    "pct1ResTime" : 233.0,
    "pct2ResTime" : 246.0,
    "pct3ResTime" : 281.0,
    "throughput" : 228.79277239481016,
    "receivedKBytesPerSec" : 24.35391815530694,
    "sentKBytesPerSec" : 31.28026185085295
  },
  "Total" : {
    "transaction" : "Total",
    "sampleCount" : 326660,
    "errorCount" : 0,
    "errorPct" : 0.0,
    "meanResTime" : 214.0188636502761,
    "minResTime" : 200.0,
    "maxResTime" : 411.0,
    "pct1ResTime" : 229.0,
    "pct2ResTime" : 242.0,
    "pct3ResTime" : 265.0,
    "throughput" : 1811.9189722881674,
    "receivedKBytesPerSec" : 260.2584130281944,
    "sentKBytesPerSec" : 251.76579578089294
  },
  "go" : {
    "transaction" : "go",
    "sampleCount" : 41469,
    "errorCount" : 0,
    "errorPct" : 0.0,
    "meanResTime" : 210.6887795702831,
    "minResTime" : 200.0,
    "maxResTime" : 411.0,
    "pct1ResTime" : 230.0,
    "pct2ResTime" : 244.0,
    "pct3ResTime" : 285.0,
    "throughput" : 230.17234201981518,
    "receivedKBytesPerSec" : 28.99632043023062,
    "sentKBytesPerSec" : 31.468874885521608
  },
  "webflux" : {
    "transaction" : "webflux",
    "sampleCount" : 41176,
    "errorCount" : 0,
    "errorPct" : 0.0,
    "meanResTime" : 212.20084515251563,
    "minResTime" : 200.0,
    "maxResTime" : 352.0,
    "pct1ResTime" : 233.0,
    "pct2ResTime" : 247.0,
    "pct3ResTime" : 279.0,
    "throughput" : 228.52702852702853,
    "receivedKBytesPerSec" : 20.30855429292929,
    "sentKBytesPerSec" : 31.24392968142968
  },
  "php-5.6-apache2" : {
    "transaction" : "php-5.6-apache2",
    "sampleCount" : 41314,
    "errorCount" : 0,
    "errorPct" : 0.0,
    "meanResTime" : 211.48610640460933,
    "minResTime" : 200.0,
    "maxResTime" : 405.0,
    "pct1ResTime" : 231.0,
    "pct2ResTime" : 244.0,
    "pct3ResTime" : 280.0,
    "throughput" : 229.276386985066,
    "receivedKBytesPerSec" : 48.362987879662356,
    "sentKBytesPerSec" : 33.36150552810042
  },
  "nodejs" : {
    "transaction" : "nodejs",
    "sampleCount" : 37558,
    "errorCount" : 0,
    "errorPct" : 0.0,
    "meanResTime" : 232.9067841738108,
    "minResTime" : 200.0,
    "maxResTime" : 363.0,
    "pct1ResTime" : 261.0,
    "pct2ResTime" : 271.0,
    "pct3ResTime" : 297.0,
    "throughput" : 208.5246484151616,
    "receivedKBytesPerSec" : 48.8729644723035,
    "sentKBytesPerSec" : 28.509229275510375
  }
}