{
  "quarkus-vertx-resteasy-jvm" : {
    "transaction" : "quarkus-vertx-resteasy-jvm",
    "sampleCount" : 97571,
    "errorCount" : 0,
    "errorPct" : 0.0,
    "meanResTime" : 88.43444261102346,
    "minResTime" : 0.0,
    "maxResTime" : 3395.0,
    "pct1ResTime" : 150.0,
    "pct2ResTime" : 212.0,
    "pct3ResTime" : 763.0,
    "throughput" : 541.9286396658595,
    "receivedKBytesPerSec" : 48.15967403280587,
    "sentKBytesPerSec" : 73.03335182996933
  },
  "php-8.0-apache2" : {
    "transaction" : "php-8.0-apache2",
    "sampleCount" : 143657,
    "errorCount" : 0,
    "errorPct" : 0.0,
    "meanResTime" : 59.80505648871999,
    "minResTime" : 0.0,
    "maxResTime" : 7499.0,
    "pct1ResTime" : 88.0,
    "pct2ResTime" : 160.95000000000073,
    "pct3ResTime" : 1029.0,
    "throughput" : 798.0368084527229,
    "receivedKBytesPerSec" : 168.33588928299622,
    "sentKBytesPerSec" : 114.56192465092799
  },
  "quarkus-vertx-resteasy-native" : {
    "transaction" : "quarkus-vertx-resteasy-native",
    "sampleCount" : 45462,
    "errorCount" : 0,
    "errorPct" : 0.0,
    "meanResTime" : 189.59702608772199,
    "minResTime" : 1.0,
    "maxResTime" : 7516.0,
    "pct1ResTime" : 383.0,
    "pct2ResTime" : 500.0,
    "pct3ResTime" : 1177.0,
    "throughput" : 251.1199368084977,
    "receivedKBytesPerSec" : 22.316322509348918,
    "sentKBytesPerSec" : 33.8423352339577
  },
  "vertx-rxjava2" : {
    "transaction" : "vertx-rxjava2",
    "sampleCount" : 155526,
    "errorCount" : 0,
    "errorPct" : 0.0,
    "meanResTime" : 55.23769659092357,
    "minResTime" : 0.0,
    "maxResTime" : 7364.0,
    "pct1ResTime" : 83.0,
    "pct2ResTime" : 148.95000000000073,
    "pct3ResTime" : 628.9800000000032,
    "throughput" : 859.3973620082776,
    "receivedKBytesPerSec" : 77.21148174293118,
    "sentKBytesPerSec" : 115.81722261439678
  },
  "vertx-resteasy-rxjava2" : {
    "transaction" : "vertx-resteasy-rxjava2",
    "sampleCount" : 129357,
    "errorCount" : 0,
    "errorPct" : 0.0,
    "meanResTime" : 66.55000502485399,
    "minResTime" : 0.0,
    "maxResTime" : 7422.0,
    "pct1ResTime" : 100.0,
    "pct2ResTime" : 171.0,
    "pct3ResTime" : 442.0,
    "throughput" : 714.9560603548334,
    "receivedKBytesPerSec" : 76.1037212682391,
    "sentKBytesPerSec" : 96.35150032125684
  },
  "Total" : {
    "transaction" : "Total",
    "sampleCount" : 1197286,
    "errorCount" : 0,
    "errorPct" : 0.0,
    "meanResTime" : 79.15038094490475,
    "minResTime" : 0.0,
    "maxResTime" : 7554.0,
    "pct1ResTime" : 131.0,
    "pct2ResTime" : 221.0,
    "pct3ResTime" : 1052.9900000000016,
    "throughput" : 6606.043886317114,
    "receivedKBytesPerSec" : 959.1314566568133,
    "sentKBytesPerSec" : 907.5096476773329
  },
  "webmvc" : {
    "transaction" : "webmvc",
    "sampleCount" : 71415,
    "errorCount" : 0,
    "errorPct" : 0.0,
    "meanResTime" : 120.87872295736223,
    "minResTime" : 0.0,
    "maxResTime" : 7367.0,
    "pct1ResTime" : 189.0,
    "pct2ResTime" : 261.9500000000007,
    "pct3ResTime" : 1107.0,
    "throughput" : 396.5561281151437,
    "receivedKBytesPerSec" : 67.38356083206544,
    "sentKBytesPerSec" : 53.44213445301742
  },
  "go" : {
    "transaction" : "go",
    "sampleCount" : 166295,
    "errorCount" : 0,
    "errorPct" : 0.0,
    "meanResTime" : 51.823632700923575,
    "minResTime" : 0.0,
    "maxResTime" : 7475.0,
    "pct1ResTime" : 85.0,
    "pct2ResTime" : 157.0,
    "pct3ResTime" : 714.9900000000016,
    "throughput" : 923.4968429119625,
    "receivedKBytesPerSec" : 116.33895774965153,
    "sentKBytesPerSec" : 124.45562922055746
  },
  "webflux" : {
    "transaction" : "webflux",
    "sampleCount" : 94902,
    "errorCount" : 0,
    "errorPct" : 0.0,
    "meanResTime" : 90.79638996016915,
    "minResTime" : 0.0,
    "maxResTime" : 7312.0,
    "pct1ResTime" : 169.0,
    "pct2ResTime" : 234.0,
    "pct3ResTime" : 1032.0,
    "throughput" : 526.9288855328033,
    "receivedKBytesPerSec" : 46.82668806980966,
    "sentKBytesPerSec" : 71.01190058938168
  },
  "php-5.6-apache2" : {
    "transaction" : "php-5.6-apache2",
    "sampleCount" : 119336,
    "errorCount" : 0,
    "errorPct" : 0.0,
    "meanResTime" : 72.21170476637526,
    "minResTime" : 0.0,
    "maxResTime" : 7554.0,
    "pct1ResTime" : 116.0,
    "pct2ResTime" : 180.0,
    "pct3ResTime" : 1058.9900000000016,
    "throughput" : 659.8325758329739,
    "receivedKBytesPerSec" : 139.18343396476794,
    "sentKBytesPerSec" : 94.72205922602262
  },
  "php-5.6-nginx" : {
    "transaction" : "php-5.6-nginx",
    "sampleCount" : 92558,
    "errorCount" : 0,
    "errorPct" : 0.0,
    "meanResTime" : 93.20673523628284,
    "minResTime" : 0.0,
    "maxResTime" : 7401.0,
    "pct1ResTime" : 140.0,
    "pct2ResTime" : 208.95000000000073,
    "pct3ResTime" : 524.0,
    "throughput" : 512.0264648610373,
    "receivedKBytesPerSec" : 96.00496216144451,
    "sentKBytesPerSec" : 73.50379915485595
  },
  "nodejs" : {
    "transaction" : "nodejs",
    "sampleCount" : 81207,
    "errorCount" : 0,
    "errorPct" : 0.0,
    "meanResTime" : 106.08340414003666,
    "minResTime" : 0.0,
    "maxResTime" : 7353.0,
    "pct1ResTime" : 147.0,
    "pct2ResTime" : 205.0,
    "pct3ResTime" : 1125.0,
    "throughput" : 449.5988838507151,
    "receivedKBytesPerSec" : 105.37473840251133,
    "sentKBytesPerSec" : 60.59047458144401
  }
}