{
  "php-8.0-apache2" : {
    "transaction" : "php-8.0-apache2",
    "sampleCount" : 274835,
    "errorCount" : 0,
    "errorPct" : 0.0,
    "meanResTime" : 112.20982043771536,
    "minResTime" : 0.0,
    "maxResTime" : 7524.0,
    "pct1ResTime" : 251.0,
    "pct2ResTime" : 345.0,
    "pct3ResTime" : 1086.0,
    "throughput" : 1519.6512103685845,
    "receivedKBytesPerSec" : 320.5514271871233,
    "sentKBytesPerSec" : 218.15305461345892
  },
  "vertx-rxjava2" : {
    "transaction" : "vertx-rxjava2",
    "sampleCount" : 291804,
    "errorCount" : 0,
    "errorPct" : 0.0,
    "meanResTime" : 105.42029581499696,
    "minResTime" : 0.0,
    "maxResTime" : 4072.0,
    "pct1ResTime" : 207.0,
    "pct2ResTime" : 307.0,
    "pct3ResTime" : 1050.0,
    "throughput" : 1614.88909549741,
    "receivedKBytesPerSec" : 145.08769217359543,
    "sentKBytesPerSec" : 217.63153826039314
  },
  "vertx-resteasy-rxjava2" : {
    "transaction" : "vertx-resteasy-rxjava2",
    "sampleCount" : 283888,
    "errorCount" : 0,
    "errorPct" : 0.0,
    "meanResTime" : 107.95867384320711,
    "minResTime" : 0.0,
    "maxResTime" : 3388.0,
    "pct1ResTime" : 200.0,
    "pct2ResTime" : 295.0,
    "pct3ResTime" : 1087.0,
    "throughput" : 1568.9967723393906,
    "receivedKBytesPerSec" : 167.0123517431578,
    "sentKBytesPerSec" : 211.4468306473007
  },
  "Total" : {
    "transaction" : "Total",
    "sampleCount" : 1408819,
    "errorCount" : 0,
    "errorPct" : 0.0,
    "meanResTime" : 109.00913389157576,
    "minResTime" : 0.0,
    "maxResTime" : 7524.0,
    "pct1ResTime" : 230.0,
    "pct2ResTime" : 331.0,
    "pct3ResTime" : 1074.0,
    "throughput" : 7750.814242644308,
    "receivedKBytesPerSec" : 1144.0345927187864,
    "sentKBytesPerSec" : 1071.0391354826863
  },
  "go" : {
    "transaction" : "go",
    "sampleCount" : 285175,
    "errorCount" : 0,
    "errorPct" : 0.0,
    "meanResTime" : 107.1150170947664,
    "minResTime" : 0.0,
    "maxResTime" : 3447.0,
    "pct1ResTime" : 228.90000000000146,
    "pct2ResTime" : 373.0,
    "pct3ResTime" : 1078.0,
    "throughput" : 1575.6743615528273,
    "receivedKBytesPerSec" : 198.49803968780736,
    "sentKBytesPerSec" : 212.34674013114275
  },
  "php-5.6-apache2" : {
    "transaction" : "php-5.6-apache2",
    "sampleCount" : 273117,
    "errorCount" : 0,
    "errorPct" : 0.0,
    "meanResTime" : 112.69233332234815,
    "minResTime" : 1.0,
    "maxResTime" : 3467.0,
    "pct1ResTime" : 289.0,
    "pct2ResTime" : 389.0,
    "pct3ResTime" : 1099.9900000000016,
    "throughput" : 1508.8003270429133,
    "receivedKBytesPerSec" : 318.26256898561456,
    "sentKBytesPerSec" : 216.59535944854323
  }
}