{
  "php-8.0-apache2" : {
    "transaction" : "php-8.0-apache2",
    "sampleCount" : 351295,
    "errorCount" : 0,
    "errorPct" : 0.0,
    "meanResTime" : 110.1685762678083,
    "minResTime" : 0.0,
    "maxResTime" : 7613.0,
    "pct1ResTime" : 191.0,
    "pct2ResTime" : 319.0,
    "pct3ResTime" : 1106.0,
    "throughput" : 1944.5197858949734,
    "receivedKBytesPerSec" : 410.172142337221,
    "sentKBytesPerSec" : 279.14493020171983
  },
  "vertx-rxjava2" : {
    "transaction" : "vertx-rxjava2",
    "sampleCount" : 381804,
    "errorCount" : 0,
    "errorPct" : 0.0,
    "meanResTime" : 100.98842337953764,
    "minResTime" : 0.0,
    "maxResTime" : 15499.0,
    "pct1ResTime" : 211.90000000000146,
    "pct2ResTime" : 326.0,
    "pct3ResTime" : 1101.9900000000016,
    "throughput" : 2114.4024854214085,
    "receivedKBytesPerSec" : 189.96584829957968,
    "sentKBytesPerSec" : 284.94877244936947
  },
  "vertx-resteasy-rxjava2" : {
    "transaction" : "vertx-resteasy-rxjava2",
    "sampleCount" : 377068,
    "errorCount" : 0,
    "errorPct" : 0.0,
    "meanResTime" : 102.04222845746548,
    "minResTime" : 0.0,
    "maxResTime" : 4119.0,
    "pct1ResTime" : 206.0,
    "pct2ResTime" : 316.0,
    "pct3ResTime" : 1084.0,
    "throughput" : 2083.927910202773,
    "receivedKBytesPerSec" : 221.82435762900613,
    "sentKBytesPerSec" : 280.8418472734206
  },
  "Total" : {
    "transaction" : "Total",
    "sampleCount" : 1487589,
    "errorCount" : 0,
    "errorPct" : 0.0,
    "meanResTime" : 103.65944625834294,
    "minResTime" : 0.0,
    "maxResTime" : 15499.0,
    "pct1ResTime" : 205.0,
    "pct2ResTime" : 311.0,
    "pct3ResTime" : 1118.9800000000032,
    "throughput" : 8218.814572536714,
    "receivedKBytesPerSec" : 1083.3679899950553,
    "sentKBytesPerSec" : 1124.6721789139244
  },
  "go" : {
    "transaction" : "go",
    "sampleCount" : 377422,
    "errorCount" : 0,
    "errorPct" : 0.0,
    "meanResTime" : 101.9186454419728,
    "minResTime" : 0.0,
    "maxResTime" : 3646.0,
    "pct1ResTime" : 191.0,
    "pct2ResTime" : 276.0,
    "pct3ResTime" : 1152.9600000000064,
    "throughput" : 2085.5039950490127,
    "receivedKBytesPerSec" : 262.7246243762916,
    "sentKBytesPerSec" : 281.0542493327771
  }
}