{
  "quarkus-vertx-resteasy-jvm" : {
    "transaction" : "quarkus-vertx-resteasy-jvm",
    "sampleCount" : 166920,
    "errorCount" : 0,
    "errorPct" : 0.0,
    "meanResTime" : 130.08889887371404,
    "minResTime" : 0.0,
    "maxResTime" : 1592.0,
    "pct1ResTime" : 277.0,
    "pct2ResTime" : 394.0,
    "pct3ResTime" : 606.9900000000016,
    "throughput" : 925.7082011579671,
    "receivedKBytesPerSec" : 82.26508428259278,
    "sentKBytesPerSec" : 124.75364429667916
  },
  "php-8.0-apache2" : {
    "transaction" : "php-8.0-apache2",
    "sampleCount" : 201297,
    "errorCount" : 0,
    "errorPct" : 0.0,
    "meanResTime" : 108.00482371818936,
    "minResTime" : 0.0,
    "maxResTime" : 1469.0,
    "pct1ResTime" : 204.0,
    "pct2ResTime" : 314.0,
    "pct3ResTime" : 567.0,
    "throughput" : 1118.1986345885712,
    "receivedKBytesPerSec" : 235.87002448352672,
    "sentKBytesPerSec" : 160.52265555128903
  },
  "vertx-rxjava2" : {
    "transaction" : "vertx-rxjava2",
    "sampleCount" : 208755,
    "errorCount" : 0,
    "errorPct" : 0.0,
    "meanResTime" : 103.71723791046952,
    "minResTime" : 0.0,
    "maxResTime" : 2105.0,
    "pct1ResTime" : 242.0,
    "pct2ResTime" : 419.9500000000007,
    "pct3ResTime" : 637.0,
    "throughput" : 1157.9551694872948,
    "receivedKBytesPerSec" : 104.03503475862414,
    "sentKBytesPerSec" : 156.0525521379362
  },
  "vertx-resteasy-rxjava2" : {
    "transaction" : "vertx-resteasy-rxjava2",
    "sampleCount" : 198788,
    "errorCount" : 0,
    "errorPct" : 0.0,
    "meanResTime" : 108.74684085558486,
    "minResTime" : 0.0,
    "maxResTime" : 1619.0,
    "pct1ResTime" : 280.0,
    "pct2ResTime" : 380.0,
    "pct3ResTime" : 636.950000000008,
    "throughput" : 1103.2316426823245,
    "receivedKBytesPerSec" : 117.43383696520836,
    "sentKBytesPerSec" : 148.67770184586013
  },
  "Total" : {
    "transaction" : "Total",
    "sampleCount" : 1348313,
    "errorCount" : 0,
    "errorPct" : 0.0,
    "meanResTime" : 112.45360832388239,
    "minResTime" : 0.0,
    "maxResTime" : 2105.0,
    "pct1ResTime" : 310.0,
    "pct2ResTime" : 413.0,
    "pct3ResTime" : 542.0,
    "throughput" : 7472.858979759239,
    "receivedKBytesPerSec" : 996.3094318180243,
    "sentKBytesPerSec" : 1026.4197372445658
  },
  "go" : {
    "transaction" : "go",
    "sampleCount" : 209924,
    "errorCount" : 0,
    "errorPct" : 0.0,
    "meanResTime" : 102.60184638249912,
    "minResTime" : 0.0,
    "maxResTime" : 1373.0,
    "pct1ResTime" : 293.0,
    "pct2ResTime" : 400.0,
    "pct3ResTime" : 596.9900000000016,
    "throughput" : 1164.1231533649793,
    "receivedKBytesPerSec" : 146.6522331875804,
    "sentKBytesPerSec" : 156.88378434020228
  },
  "webflux" : {
    "transaction" : "webflux",
    "sampleCount" : 166999,
    "errorCount" : 0,
    "errorPct" : 0.0,
    "meanResTime" : 130.1410667129721,
    "minResTime" : 0.0,
    "maxResTime" : 1375.0,
    "pct1ResTime" : 290.90000000000146,
    "pct2ResTime" : 401.0,
    "pct3ResTime" : 665.0,
    "throughput" : 926.0590130480832,
    "receivedKBytesPerSec" : 82.29625994860896,
    "sentKBytesPerSec" : 124.8009216803081
  },
  "php-5.6-apache2" : {
    "transaction" : "php-5.6-apache2",
    "sampleCount" : 195630,
    "errorCount" : 0,
    "errorPct" : 0.0,
    "meanResTime" : 110.54592342687931,
    "minResTime" : 1.0,
    "maxResTime" : 1469.0,
    "pct1ResTime" : 210.0,
    "pct2ResTime" : 316.0,
    "pct3ResTime" : 570.0,
    "throughput" : 1086.241934946529,
    "receivedKBytesPerSec" : 229.12915815278348,
    "sentKBytesPerSec" : 155.93512152064432
  }
}