{
  "quarkus-vertx-resteasy-jvm" : {
    "transaction" : "quarkus-vertx-resteasy-jvm",
    "sampleCount" : 100284,
    "errorCount" : 0,
    "errorPct" : 0.0,
    "meanResTime" : 136.81069761876455,
    "minResTime" : 0.0,
    "maxResTime" : 2266.0,
    "pct1ResTime" : 331.0,
    "pct2ResTime" : 485.9500000000007,
    "pct3ResTime" : 792.0,
    "throughput" : 555.9072490119016,
    "receivedKBytesPerSec" : 49.40191373054984,
    "sentKBytesPerSec" : 74.91718785511955
  },
  "php-8.0-apache2" : {
    "transaction" : "php-8.0-apache2",
    "sampleCount" : 137161,
    "errorCount" : 0,
    "errorPct" : 0.0,
    "meanResTime" : 99.52320995035078,
    "minResTime" : 0.0,
    "maxResTime" : 3268.0,
    "pct1ResTime" : 195.0,
    "pct2ResTime" : 382.0,
    "pct3ResTime" : 984.9900000000016,
    "throughput" : 761.9293626192937,
    "receivedKBytesPerSec" : 160.71947492750724,
    "sentKBytesPerSec" : 109.37853154788688
  },
  "quarkus-vertx-resteasy-native" : {
    "transaction" : "quarkus-vertx-resteasy-native",
    "sampleCount" : 41294,
    "errorCount" : 0,
    "errorPct" : 0.0,
    "meanResTime" : 335.4532861917008,
    "minResTime" : 1.0,
    "maxResTime" : 5798.0,
    "pct1ResTime" : 713.0,
    "pct2ResTime" : 912.9000000000015,
    "pct3ResTime" : 1425.9800000000032,
    "throughput" : 229.38434960365737,
    "receivedKBytesPerSec" : 20.38474200579377,
    "sentKBytesPerSec" : 30.913125239555388
  },
  "vertx-rxjava2" : {
    "transaction" : "vertx-rxjava2",
    "sampleCount" : 143632,
    "errorCount" : 0,
    "errorPct" : 0.0,
    "meanResTime" : 95.28817394452575,
    "minResTime" : 0.0,
    "maxResTime" : 3087.0,
    "pct1ResTime" : 198.0,
    "pct2ResTime" : 410.9500000000007,
    "pct3ResTime" : 611.9900000000016,
    "throughput" : 796.8488210818307,
    "receivedKBytesPerSec" : 71.59188626907074,
    "sentKBytesPerSec" : 107.3878294036061
  },
  "vertx-resteasy-rxjava2" : {
    "transaction" : "vertx-resteasy-rxjava2",
    "sampleCount" : 122866,
    "errorCount" : 0,
    "errorPct" : 0.0,
    "meanResTime" : 111.48303843211357,
    "minResTime" : 0.0,
    "maxResTime" : 3316.0,
    "pct1ResTime" : 280.0,
    "pct2ResTime" : 441.9500000000007,
    "pct3ResTime" : 685.9900000000016,
    "throughput" : 682.4334457151426,
    "receivedKBytesPerSec" : 72.64184138960015,
    "sentKBytesPerSec" : 91.96856983270477
  },
  "Total" : {
    "transaction" : "Total",
    "sampleCount" : 1172952,
    "errorCount" : 0,
    "errorPct" : 0.0,
    "meanResTime" : 128.72509019976334,
    "minResTime" : 0.0,
    "maxResTime" : 7426.0,
    "pct1ResTime" : 262.90000000000146,
    "pct2ResTime" : 398.0,
    "pct3ResTime" : 1065.0,
    "throughput" : 6480.8274581740225,
    "receivedKBytesPerSec" : 948.6674951775118,
    "sentKBytesPerSec" : 890.4946445430775
  },
  "webmvc" : {
    "transaction" : "webmvc",
    "sampleCount" : 79036,
    "errorCount" : 0,
    "errorPct" : 0.0,
    "meanResTime" : 174.14145452704685,
    "minResTime" : 0.0,
    "maxResTime" : 3408.0,
    "pct1ResTime" : 356.0,
    "pct2ResTime" : 480.9500000000007,
    "pct3ResTime" : 1036.9700000000048,
    "throughput" : 437.9769141679181,
    "receivedKBytesPerSec" : 74.42185846212672,
    "sentKBytesPerSec" : 59.02423257341084
  },
  "go" : {
    "transaction" : "go",
    "sampleCount" : 149752,
    "errorCount" : 0,
    "errorPct" : 0.0,
    "meanResTime" : 91.82175864095316,
    "minResTime" : 0.0,
    "maxResTime" : 2270.0,
    "pct1ResTime" : 208.0,
    "pct2ResTime" : 386.0,
    "pct3ResTime" : 651.9900000000016,
    "throughput" : 830.0372472507981,
    "receivedKBytesPerSec" : 104.56523915561813,
    "sentKBytesPerSec" : 111.86048839903334
  },
  "webflux" : {
    "transaction" : "webflux",
    "sampleCount" : 98689,
    "errorCount" : 0,
    "errorPct" : 0.0,
    "meanResTime" : 139.18697119233158,
    "minResTime" : 0.0,
    "maxResTime" : 7345.0,
    "pct1ResTime" : 303.0,
    "pct2ResTime" : 417.0,
    "pct3ResTime" : 643.9900000000016,
    "throughput" : 546.7050012187285,
    "receivedKBytesPerSec" : 48.58413585049248,
    "sentKBytesPerSec" : 73.67704117986771
  },
  "php-5.6-apache2" : {
    "transaction" : "php-5.6-apache2",
    "sampleCount" : 121398,
    "errorCount" : 0,
    "errorPct" : 0.0,
    "meanResTime" : 112.50318786141509,
    "minResTime" : 0.0,
    "maxResTime" : 3186.0,
    "pct1ResTime" : 286.0,
    "pct2ResTime" : 449.0,
    "pct3ResTime" : 715.9900000000016,
    "throughput" : 674.1561802370136,
    "receivedKBytesPerSec" : 142.20481926874507,
    "sentKBytesPerSec" : 96.77827978011817
  },
  "php-5.6-nginx" : {
    "transaction" : "php-5.6-nginx",
    "sampleCount" : 93610,
    "errorCount" : 0,
    "errorPct" : 0.0,
    "meanResTime" : 146.89272513620134,
    "minResTime" : 0.0,
    "maxResTime" : 3555.0,
    "pct1ResTime" : 339.0,
    "pct2ResTime" : 484.9500000000007,
    "pct3ResTime" : 707.0,
    "throughput" : 519.9573413910705,
    "receivedKBytesPerSec" : 97.49200151082573,
    "sentKBytesPerSec" : 74.64231365672596
  },
  "nodejs" : {
    "transaction" : "nodejs",
    "sampleCount" : 85230,
    "errorCount" : 0,
    "errorPct" : 0.0,
    "meanResTime" : 161.01328170831903,
    "minResTime" : 0.0,
    "maxResTime" : 7426.0,
    "pct1ResTime" : 303.0,
    "pct2ResTime" : 418.0,
    "pct3ResTime" : 1071.9800000000032,
    "throughput" : 473.4132075786106,
    "receivedKBytesPerSec" : 110.95622052623686,
    "sentKBytesPerSec" : 63.799826802586196
  }
}