{
  "quarkus-vertx-resteasy-jvm" : {
    "transaction" : "quarkus-vertx-resteasy-jvm",
    "sampleCount" : 71342,
    "errorCount" : 0,
    "errorPct" : 0.0,
    "meanResTime" : 24.43874575986078,
    "minResTime" : 0.0,
    "maxResTime" : 3147.0,
    "pct1ResTime" : 22.0,
    "pct2ResTime" : 30.0,
    "pct3ResTime" : 1019.0,
    "throughput" : 395.0692487027982,
    "receivedKBytesPerSec" : 35.1086929999557,
    "sentKBytesPerSec" : 53.24175421971304
  },
  "php-8.0-apache2" : {
    "transaction" : "php-8.0-apache2",
    "sampleCount" : 107845,
    "errorCount" : 0,
    "errorPct" : 0.0,
    "meanResTime" : 16.08046733738212,
    "minResTime" : 0.0,
    "maxResTime" : 3106.0,
    "pct1ResTime" : 15.0,
    "pct2ResTime" : 20.0,
    "pct3ResTime" : 92.0,
    "throughput" : 597.4626741641506,
    "receivedKBytesPerSec" : 126.02728283150051,
    "sentKBytesPerSec" : 85.76856748254896
  },
  "quarkus-vertx-resteasy-native" : {
    "transaction" : "quarkus-vertx-resteasy-native",
    "sampleCount" : 34691,
    "errorCount" : 0,
    "errorPct" : 0.0,
    "meanResTime" : 50.42570119051092,
    "minResTime" : 0.0,
    "maxResTime" : 3219.0,
    "pct1ResTime" : 65.0,
    "pct2ResTime" : 102.0,
    "pct3ResTime" : 1050.0,
    "throughput" : 192.12471963005012,
    "receivedKBytesPerSec" : 17.073583482748596,
    "sentKBytesPerSec" : 25.891807918893473
  },
  "vertx-rxjava2" : {
    "transaction" : "vertx-rxjava2",
    "sampleCount" : 110864,
    "errorCount" : 0,
    "errorPct" : 0.0,
    "meanResTime" : 15.65860874585079,
    "minResTime" : 0.0,
    "maxResTime" : 3178.0,
    "pct1ResTime" : 12.0,
    "pct2ResTime" : 16.0,
    "pct3ResTime" : 52.0,
    "throughput" : 613.9736830446147,
    "receivedKBytesPerSec" : 55.16169808603961,
    "sentKBytesPerSec" : 82.7425471290594
  },
  "vertx-resteasy-rxjava2" : {
    "transaction" : "vertx-resteasy-rxjava2",
    "sampleCount" : 93218,
    "errorCount" : 0,
    "errorPct" : 0.0,
    "meanResTime" : 18.630189448389896,
    "minResTime" : 0.0,
    "maxResTime" : 3104.0,
    "pct1ResTime" : 16.0,
    "pct2ResTime" : 22.0,
    "pct3ResTime" : 102.87000000002081,
    "throughput" : 516.3202118054978,
    "receivedKBytesPerSec" : 54.959866295702405,
    "sentKBytesPerSec" : 69.58221604410029
  },
  "Total" : {
    "transaction" : "Total",
    "sampleCount" : 888256,
    "errorCount" : 0,
    "errorPct" : 0.0,
    "meanResTime" : 21.558063216009646,
    "minResTime" : 0.0,
    "maxResTime" : 3219.0,
    "pct1ResTime" : 22.0,
    "pct2ResTime" : 33.0,
    "pct3ResTime" : 1025.0,
    "throughput" : 4917.353587581725,
    "receivedKBytesPerSec" : 725.3724136233856,
    "sentKBytesPerSec" : 676.375539021283
  },
  "webmvc" : {
    "transaction" : "webmvc",
    "sampleCount" : 47762,
    "errorCount" : 0,
    "errorPct" : 0.0,
    "meanResTime" : 36.56919726979598,
    "minResTime" : 0.0,
    "maxResTime" : 3105.0,
    "pct1ResTime" : 33.0,
    "pct2ResTime" : 46.0,
    "pct3ResTime" : 1040.0,
    "throughput" : 264.4219057953363,
    "receivedKBytesPerSec" : 44.93106602381691,
    "sentKBytesPerSec" : 35.634983398199616
  },
  "go" : {
    "transaction" : "go",
    "sampleCount" : 116699,
    "errorCount" : 0,
    "errorPct" : 0.0,
    "meanResTime" : 14.866108535634375,
    "minResTime" : 0.0,
    "maxResTime" : 3081.0,
    "pct1ResTime" : 12.0,
    "pct2ResTime" : 16.0,
    "pct3ResTime" : 54.0,
    "throughput" : 646.2060678549873,
    "receivedKBytesPerSec" : 81.40681909501303,
    "sentKBytesPerSec" : 87.08636461326977
  },
  "webflux" : {
    "transaction" : "webflux",
    "sampleCount" : 66381,
    "errorCount" : 0,
    "errorPct" : 0.0,
    "meanResTime" : 26.25496753589176,
    "minResTime" : 0.0,
    "maxResTime" : 3121.0,
    "pct1ResTime" : 24.0,
    "pct2ResTime" : 35.0,
    "pct3ResTime" : 1016.0,
    "throughput" : 367.517439929133,
    "receivedKBytesPerSec" : 32.660241243702245,
    "sentKBytesPerSec" : 49.52871749044956
  },
  "php-5.6-apache2" : {
    "transaction" : "php-5.6-apache2",
    "sampleCount" : 96662,
    "errorCount" : 0,
    "errorPct" : 0.0,
    "meanResTime" : 18.003703627071538,
    "minResTime" : 0.0,
    "maxResTime" : 3123.0,
    "pct1ResTime" : 16.0,
    "pct2ResTime" : 22.0,
    "pct3ResTime" : 65.0,
    "throughput" : 535.3752423151481,
    "receivedKBytesPerSec" : 112.93071517585156,
    "sentKBytesPerSec" : 76.85562560578786
  },
  "php-5.6-nginx" : {
    "transaction" : "php-5.6-nginx",
    "sampleCount" : 76760,
    "errorCount" : 0,
    "errorPct" : 0.0,
    "meanResTime" : 22.673840541948913,
    "minResTime" : 0.0,
    "maxResTime" : 3103.0,
    "pct1ResTime" : 19.0,
    "pct2ResTime" : 26.0,
    "pct3ResTime" : 1018.0,
    "throughput" : 425.1995546372564,
    "receivedKBytesPerSec" : 79.7249164944856,
    "sentKBytesPerSec" : 61.039389191090535
  },
  "nodejs" : {
    "transaction" : "nodejs",
    "sampleCount" : 66032,
    "errorCount" : 0,
    "errorPct" : 0.0,
    "meanResTime" : 26.417221952992573,
    "minResTime" : 0.0,
    "maxResTime" : 3164.0,
    "pct1ResTime" : 21.0,
    "pct2ResTime" : 28.0,
    "pct3ResTime" : 1022.9900000000016,
    "throughput" : 365.82014802996054,
    "receivedKBytesPerSec" : 85.739097194522,
    "sentKBytesPerSec" : 49.29998088685016
  }
}