{
  "quarkus-vertx-resteasy-jvm" : {
    "transaction" : "quarkus-vertx-resteasy-jvm",
    "sampleCount" : 76073,
    "errorCount" : 0,
    "errorPct" : 0.0,
    "meanResTime" : 228.97980886780024,
    "minResTime" : 200.0,
    "maxResTime" : 535.0,
    "pct1ResTime" : 245.0,
    "pct2ResTime" : 279.0,
    "pct3ResTime" : 332.9900000000016,
    "throughput" : 422.18682709170423,
    "receivedKBytesPerSec" : 37.51855592318856,
    "sentKBytesPerSec" : 57.72085526644394
  },
  "php-8.0-apache2" : {
    "transaction" : "php-8.0-apache2",
    "sampleCount" : 77456,
    "errorCount" : 0,
    "errorPct" : 0.0,
    "meanResTime" : 224.29407663706104,
    "minResTime" : 200.0,
    "maxResTime" : 480.0,
    "pct1ResTime" : 238.0,
    "pct2ResTime" : 259.9500000000007,
    "pct3ResTime" : 324.0,
    "throughput" : 429.81443665098107,
    "receivedKBytesPerSec" : 90.66398273106633,
    "sentKBytesPerSec" : 62.54135845800408
  },
  "vertx-rxjava2" : {
    "transaction" : "vertx-rxjava2",
    "sampleCount" : 77273,
    "errorCount" : 0,
    "errorPct" : 0.0,
    "meanResTime" : 224.83278764898634,
    "minResTime" : 200.0,
    "maxResTime" : 431.0,
    "pct1ResTime" : 240.0,
    "pct2ResTime" : 265.0,
    "pct3ResTime" : 308.0,
    "throughput" : 428.9750963171861,
    "receivedKBytesPerSec" : 38.540731309747194,
    "sentKBytesPerSec" : 58.64893894961529
  },
  "vertx-resteasy-rxjava2" : {
    "transaction" : "vertx-resteasy-rxjava2",
    "sampleCount" : 76705,
    "errorCount" : 0,
    "errorPct" : 0.0,
    "meanResTime" : 226.45849683853763,
    "minResTime" : 200.0,
    "maxResTime" : 465.0,
    "pct1ResTime" : 243.0,
    "pct2ResTime" : 270.0,
    "pct3ResTime" : 325.0,
    "throughput" : 425.7793418890715,
    "receivedKBytesPerSec" : 45.32221510342655,
    "sentKBytesPerSec" : 58.212019398896494
  },
  "Total" : {
    "transaction" : "Total",
    "sampleCount" : 608977,
    "errorCount" : 0,
    "errorPct" : 0.0,
    "meanResTime" : 228.45854605345914,
    "minResTime" : 200.0,
    "maxResTime" : 570.0,
    "pct1ResTime" : 282.0,
    "pct2ResTime" : 304.0,
    "pct3ResTime" : 354.0,
    "throughput" : 3375.8724104861108,
    "receivedKBytesPerSec" : 485.28616094691534,
    "sentKBytesPerSec" : 469.0678263206729
  },
  "go" : {
    "transaction" : "go",
    "sampleCount" : 77179,
    "errorCount" : 0,
    "errorPct" : 0.0,
    "meanResTime" : 225.110237240701,
    "minResTime" : 200.0,
    "maxResTime" : 483.0,
    "pct1ResTime" : 240.0,
    "pct2ResTime" : 259.0,
    "pct3ResTime" : 308.0,
    "throughput" : 428.2440545549378,
    "receivedKBytesPerSec" : 53.94871390389353,
    "sentKBytesPerSec" : 58.5489918336829
  },
  "webflux" : {
    "transaction" : "webflux",
    "sampleCount" : 76645,
    "errorCount" : 0,
    "errorPct" : 0.0,
    "meanResTime" : 226.68140126557424,
    "minResTime" : 200.0,
    "maxResTime" : 447.0,
    "pct1ResTime" : 245.0,
    "pct2ResTime" : 274.0,
    "pct3ResTime" : 324.0,
    "throughput" : 425.25272701044196,
    "receivedKBytesPerSec" : 37.79101382612326,
    "sentKBytesPerSec" : 58.14002127095886
  },
  "php-5.6-apache2" : {
    "transaction" : "php-5.6-apache2",
    "sampleCount" : 76945,
    "errorCount" : 0,
    "errorPct" : 0.0,
    "meanResTime" : 225.99289102605735,
    "minResTime" : 200.0,
    "maxResTime" : 570.0,
    "pct1ResTime" : 241.0,
    "pct2ResTime" : 265.0,
    "pct3ResTime" : 316.0,
    "throughput" : 426.99304114271763,
    "receivedKBytesPerSec" : 90.068844616042,
    "sentKBytesPerSec" : 62.130823369399344
  },
  "nodejs" : {
    "transaction" : "nodejs",
    "sampleCount" : 70701,
    "errorCount" : 0,
    "errorPct" : 0.0,
    "meanResTime" : 246.85778136094063,
    "minResTime" : 200.0,
    "maxResTime" : 541.0,
    "pct1ResTime" : 273.0,
    "pct2ResTime" : 295.0,
    "pct3ResTime" : 319.0,
    "throughput" : 392.6001199440261,
    "receivedKBytesPerSec" : 92.01565311188112,
    "sentKBytesPerSec" : 53.67579764859732
  }
}