{
  "Total" : {
    "transaction" : "Total",
    "sampleCount" : 1239894,
    "errorCount" : 0,
    "errorPct" : 0.0,
    "meanResTime" : 123.54952681438722,
    "minResTime" : 0.0,
    "maxResTime" : 8418.0,
    "pct1ResTime" : 1016.0,
    "pct2ResTime" : 1042.0,
    "pct3ResTime" : 2058.9900000000016,
    "throughput" : 6818.973766705164,
    "receivedKBytesPerSec" : 859.0308749071935,
    "sentKBytesPerSec" : 918.9632615286256
  },
  "go" : {
    "transaction" : "go",
    "sampleCount" : 1239894,
    "errorCount" : 0,
    "errorPct" : 0.0,
    "meanResTime" : 123.54952681438722,
    "minResTime" : 0.0,
    "maxResTime" : 8418.0,
    "pct1ResTime" : 1016.0,
    "pct2ResTime" : 1042.0,
    "pct3ResTime" : 2058.9900000000016,
    "throughput" : 6818.973766705164,
    "receivedKBytesPerSec" : 859.0308749071935,
    "sentKBytesPerSec" : 918.9632615286256
  }
}