{
  "quarkus-vertx-resteasy-jvm" : {
    "transaction" : "quarkus-vertx-resteasy-jvm",
    "sampleCount" : 8646,
    "errorCount" : 0,
    "errorPct" : 0.0,
    "meanResTime" : 202.74693499884287,
    "minResTime" : 200.0,
    "maxResTime" : 296.0,
    "pct1ResTime" : 204.0,
    "pct2ResTime" : 205.0,
    "pct3ResTime" : 208.0,
    "throughput" : 47.99493738342659,
    "receivedKBytesPerSec" : 4.26517509950373,
    "sentKBytesPerSec" : 6.561807845390354
  },
  "php-8.0-apache2" : {
    "transaction" : "php-8.0-apache2",
    "sampleCount" : 8654,
    "errorCount" : 0,
    "errorPct" : 0.0,
    "meanResTime" : 202.56713658423777,
    "minResTime" : 200.0,
    "maxResTime" : 274.0,
    "pct1ResTime" : 203.0,
    "pct2ResTime" : 204.0,
    "pct3ResTime" : 206.0,
    "throughput" : 48.03614645085371,
    "receivedKBytesPerSec" : 10.132624641976953,
    "sentKBytesPerSec" : 6.9896345909933615
  },
  "vertx-resteasy-rxjava2" : {
    "transaction" : "vertx-resteasy-rxjava2",
    "sampleCount" : 8656,
    "errorCount" : 0,
    "errorPct" : 0.0,
    "meanResTime" : 202.48151571164578,
    "minResTime" : 200.0,
    "maxResTime" : 276.0,
    "pct1ResTime" : 203.0,
    "pct2ResTime" : 204.0,
    "pct3ResTime" : 206.0,
    "throughput" : 48.0461811722913,
    "receivedKBytesPerSec" : 5.114290769316163,
    "sentKBytesPerSec" : 6.568813832149201
  },
  "vertx-rxjava2" : {
    "transaction" : "vertx-rxjava2",
    "sampleCount" : 8661,
    "errorCount" : 0,
    "errorPct" : 0.0,
    "meanResTime" : 202.33748989724054,
    "minResTime" : 200.0,
    "maxResTime" : 288.0,
    "pct1ResTime" : 203.0,
    "pct2ResTime" : 204.0,
    "pct3ResTime" : 206.0,
    "throughput" : 48.062996320775135,
    "receivedKBytesPerSec" : 4.318159825694641,
    "sentKBytesPerSec" : 6.571112778230976
  },
  "Total" : {
    "transaction" : "Total",
    "sampleCount" : 73494,
    "errorCount" : 0,
    "errorPct" : 0.0,
    "meanResTime" : 214.69083190464474,
    "minResTime" : 200.0,
    "maxResTime" : 433.0,
    "pct1ResTime" : 210.0,
    "pct2ResTime" : 401.0,
    "pct3ResTime" : 402.0,
    "throughput" : 407.6613305820881,
    "receivedKBytesPerSec" : 59.88626174028744,
    "sentKBytesPerSec" : 56.794518015525675
  },
  "go" : {
    "transaction" : "go",
    "sampleCount" : 8673,
    "errorCount" : 0,
    "errorPct" : 0.0,
    "meanResTime" : 202.18609477689418,
    "minResTime" : 200.0,
    "maxResTime" : 406.0,
    "pct1ResTime" : 203.0,
    "pct2ResTime" : 204.0,
    "pct3ResTime" : 206.0,
    "throughput" : 48.12958862603426,
    "receivedKBytesPerSec" : 6.063200129646894,
    "sentKBytesPerSec" : 6.580217194965622
  },
  "webflux" : {
    "transaction" : "webflux",
    "sampleCount" : 8646,
    "errorCount" : 0,
    "errorPct" : 0.0,
    "meanResTime" : 202.7579227388389,
    "minResTime" : 200.0,
    "maxResTime" : 262.0,
    "pct1ResTime" : 204.0,
    "pct2ResTime" : 205.0,
    "pct3ResTime" : 207.0,
    "throughput" : 47.998667628934655,
    "receivedKBytesPerSec" : 4.265506595930717,
    "sentKBytesPerSec" : 6.56231783989341
  },
  "php-5.6-nginx" : {
    "transaction" : "php-5.6-nginx",
    "sampleCount" : 4435,
    "errorCount" : 0,
    "errorPct" : 0.0,
    "meanResTime" : 395.69312288613264,
    "minResTime" : 201.0,
    "maxResTime" : 433.0,
    "pct1ResTime" : 402.0,
    "pct2ResTime" : 403.0,
    "pct3ResTime" : 404.0,
    "throughput" : 24.60171296707198,
    "receivedKBytesPerSec" : 4.612821181325996,
    "sentKBytesPerSec" : 3.5797414375915286
  },
  "php-5.6-apache2" : {
    "transaction" : "php-5.6-apache2",
    "sampleCount" : 8645,
    "errorCount" : 0,
    "errorPct" : 0.0,
    "meanResTime" : 202.77883169462214,
    "minResTime" : 200.0,
    "maxResTime" : 292.0,
    "pct1ResTime" : 204.0,
    "pct2ResTime" : 204.0,
    "pct3ResTime" : 206.0,
    "throughput" : 47.9851243339254,
    "receivedKBytesPerSec" : 10.12186216418739,
    "sentKBytesPerSec" : 6.982210474370005
  },
  "nodejs" : {
    "transaction" : "nodejs",
    "sampleCount" : 8478,
    "errorCount" : 0,
    "errorPct" : 0.0,
    "meanResTime" : 206.7551309271056,
    "minResTime" : 200.0,
    "maxResTime" : 407.0,
    "pct1ResTime" : 211.0,
    "pct2ResTime" : 213.0,
    "pct3ResTime" : 217.0,
    "throughput" : 47.05425280976828,
    "receivedKBytesPerSec" : 11.02834050228944,
    "sentKBytesPerSec" : 6.433198626335507
  }
}